[{"model": "keyboards.keyboard", "pk": 1, "fields": {"name": "Стартова клавітура", "channel": 4, "description": "Стартова клавітура", "bg_color": "#053e61"}}, {"model": "keyboards.keyboard", "pk": 2, "fields": {"name": "Інші служби допомоги", "channel": 4, "description": "Інші служби допомоги", "bg_color": "#053e61"}}, {"model": "keyboards.keyboard", "pk": 3, "fields": {"name": "First", "channel": 2, "description": "first", "bg_color": "#fffa61"}}, {"model": "keyboards.keyboard", "pk": 4, "fields": {"name": "second", "channel": 2, "description": "", "bg_color": null}}, {"model": "keyboards.keyboard", "pk": 5, "fields": {"name": "hello", "channel": 3, "description": "", "bg_color": "#7b6b6b"}}, {"model": "keyboards.keyboard", "pk": 6, "fields": {"name": "second", "channel": 3, "description": "", "bg_color": "#000000"}}, {"model": "keyboards.keyboard", "pk": 7, "fields": {"name": "test_keyboard", "channel": 2, "description": "test_keyboard with send media", "bg_color": "#f70202"}}, {"model": "keyboards.keyboard", "pk": 8, "fields": {"name": "Детально про домашнє насильство", "channel": 4, "description": "Детально про домашнє насильство (3 клавиатура)", "bg_color": "#053e61"}}, {"model": "keyboards.keyboard", "pk": 9, "fields": {"name": "План безпеки", "channel": 4, "description": "План безпеки (4 клавиатура)", "bg_color": "#053e61"}}, {"model": "keyboards.keyboard", "pk": 10, "fields": {"name": "Поліція по регіонам", "channel": 4, "description": "Поліція по регіонам", "bg_color": "#053e61"}}, {"model": "keyboards.keyboard", "pk": 11, "fields": {"name": "Поліція по областям", "channel": 4, "description": "Поліція по областям", "bg_color": "#053e61"}}, {"model": "keyboards.keyboard", "pk": 12, "fields": {"name": "Поліція в містах зі спеціальним статусом", "channel": 4, "description": "Поліція в містах зі спеціальним статусом", "bg_color": "#ededed"}}, {"model": "keyboards.keyboard", "pk": 13, "fields": {"name": "Соціальні служби", "channel": 4, "description": "Соціальні служби", "bg_color": "#fcfcfc"}}, {"model": "keyboards.keyboard", "pk": 14, "fields": {"name": "Форми (види) домашнього насильства", "channel": 4, "description": "Форми (види) домашнього насильства", "bg_color": "#f5f5f5"}}, {"model": "keyboards.keyboard", "pk": 15, "fields": {"name": "Заходи впливу на кривдника", "channel": 4, "description": "Заходи впливу на кривдника", "bg_color": "#000000"}}, {"model": "keyboards.keyboard", "pk": 16, "fields": {"name": "Перша", "channel": 2, "description": "Кнопка первая", "bg_color": "#000000"}}, {"model": "keyboards.action", "pk": 1, "fields": {"name": "Welcome", "keyboard_to_represent": 1, "action_type": "text", "text": "Чат-бот #Police_helpbot створений за ініціативою Міністерства внутрішніх справ України у тісній співпраці з ДП «Інфотех», Харківським національним університетом внутрішніх справ та Національною поліцією України. \r\n \r\nМетою створення чат-боту #Police_helpbot є інформування населення про домашнє насильство, задля запобігання та протидії цьому явищу, про повноваження органів та установ, які здійснюють заходи з попередження домашнього насильства; надання підтримки та допомоги в цьому питанні.  \r\n \r\nПам’ятай:  \r\nСвобода від насильства - невід’ємне право кожної людини! \r\n \r\nЯкщо ти страждаєш від домашнього насильства, або є свідком цього явища - телефонуй на лінію 1️⃣0️⃣2️⃣ \r\n \r\nТвої дії допоможуть врятувати життя!", "picture": "", "url": null, "video": "", "file": "", "location_latitude": null, "location_longitude": null, "sticker_id": null, "description": "", "is_menu_action": false}}, {"model": "keyboards.action", "pk": 2, "fields": {"name": "home", "keyboard_to_represent": 3, "action_type": "text", "text": "Вітаємо Вас на каналі First!!!", "picture": "", "url": null, "video": "", "file": "", "location_latitude": null, "location_longitude": null, "sticker_id": 40114, "description": "", "is_menu_action": false}}, {"model": "keyboards.action", "pk": 3, "fields": {"name": "back", "keyboard_to_represent": 3, "action_type": "text", "text": "ок", "picture": "", "url": null, "video": "", "file": "", "location_latitude": null, "location_longitude": null, "sticker_id": null, "description": "", "is_menu_action": false}}, {"model": "keyboards.action", "pk": 4, "fields": {"name": "second", "keyboard_to_represent": 4, "action_type": "text", "text": "ось друга", "picture": "", "url": null, "video": "", "file": "", "location_latitude": null, "location_longitude": null, "sticker_id": null, "description": "", "is_menu_action": false}}, {"model": "keyboards.action", "pk": 5, "fields": {"name": "hello action", "keyboard_to_represent": 5, "action_type": "text", "text": "hi", "picture": "", "url": null, "video": "", "file": "", "location_latitude": null, "location_longitude": null, "sticker_id": null, "description": "", "is_menu_action": true}}, {"model": "keyboards.action", "pk": 6, "fields": {"name": "to_second", "keyboard_to_represent": 6, "action_type": "text", "text": "second", "picture": "", "url": null, "video": "", "file": "", "location_latitude": null, "location_longitude": null, "sticker_id": null, "description": "", "is_menu_action": false}}, {"model": "keyboards.action", "pk": 7, "fields": {"name": "to_second_again", "keyboard_to_represent": 6, "action_type": "text", "text": "yo", "picture": "", "url": null, "video": "", "file": "", "location_latitude": null, "location_longitude": null, "sticker_id": null, "description": "", "is_menu_action": false}}, {"model": "keyboards.action", "pk": 8, "fields": {"name": "фото", "keyboard_to_represent": 7, "action_type": "picture", "text": "фото", "picture": "image/Cat_restored.png", "url": null, "video": "", "file": "", "location_latitude": null, "location_longitude": null, "sticker_id": null, "description": "", "is_menu_action": false}}, {"model": "keyboards.action", "pk": 9, "fields": {"name": "url", "keyboard_to_represent": 7, "action_type": "url", "text": "", "picture": "", "url": "https://laba.in.ua/channels", "video": "", "file": "", "location_latitude": null, "location_longitude": null, "sticker_id": null, "description": "", "is_menu_action": false}}, {"model": "keyboards.action", "pk": 10, "fields": {"name": "video", "keyboard_to_represent": 7, "action_type": "video", "text": "video", "picture": "", "url": null, "video": "video/EdrCalibration.mkv", "file": "", "location_latitude": null, "location_longitude": null, "sticker_id": null, "description": "", "is_menu_action": false}}, {"model": "keyboards.action", "pk": 11, "fields": {"name": "file", "keyboard_to_represent": 7, "action_type": "file", "text": "file", "picture": "", "url": null, "video": "", "file": "file/AnalyticsForTelegramAndViber_2.docx", "location_latitude": null, "location_longitude": null, "sticker_id": null, "description": "", "is_menu_action": false}}, {"model": "keyboards.action", "pk": 12, "fields": {"name": "location", "keyboard_to_represent": 7, "action_type": "location", "text": "location", "picture": "", "url": null, "video": "", "file": "", "location_latitude": "25.6", "location_longitude": "25.5", "sticker_id": null, "description": "", "is_menu_action": false}}, {"model": "keyboards.action", "pk": 13, "fields": {"name": "stiker", "keyboard_to_represent": 7, "action_type": "sticker", "text": "stiker", "picture": "", "url": null, "video": "", "file": "", "location_latitude": null, "location_longitude": null, "sticker_id": 40129, "description": "", "is_menu_action": false}}, {"model": "keyboards.action", "pk": 14, "fields": {"name": "Проверка рассылки", "keyboard_to_represent": 7, "action_type": "text", "text": "Привет! я проверяю работу рассылки))", "picture": "", "url": null, "video": "", "file": "", "location_latitude": null, "location_longitude": null, "sticker_id": null, "description": "", "is_menu_action": false}}, {"model": "keyboards.action", "pk": 15, "fields": {"name": "розсилка фото", "keyboard_to_represent": 3, "action_type": "picture", "text": "Как настроение?)", "picture": "image/808218339.jpg", "url": null, "video": "", "file": "", "location_latitude": null, "location_longitude": null, "sticker_id": null, "description": "", "is_menu_action": false}}, {"model": "keyboards.action", "pk": 16, "fields": {"name": "Розсилка відео", "keyboard_to_represent": 3, "action_type": "video", "text": "Це запланована розсилка (17:30)", "picture": "", "url": null, "video": "video/animation.gif.mp4", "file": "", "location_latitude": null, "location_longitude": null, "sticker_id": null, "description": "", "is_menu_action": false}}, {"model": "keyboards.action", "pk": 17, "fields": {"name": "Тест", "keyboard_to_represent": 3, "action_type": "picture", "text": "------------------", "picture": "image/Комиксы-тестировщик-программист-баг-4393858.jpeg", "url": null, "video": "", "file": "", "location_latitude": null, "location_longitude": null, "sticker_id": null, "description": "", "is_menu_action": false}}, {"model": "keyboards.action", "pk": 18, "fields": {"name": "Чого бажаєш?", "keyboard_to_represent": 7, "action_type": "text", "text": "хая", "picture": "image/20181124Coterie-Hakola-04651.jpg", "url": null, "video": "", "file": "file/1_aowgyMG.png", "location_latitude": null, "location_longitude": null, "sticker_id": null, "description": "", "is_menu_action": false}}, {"model": "keyboards.action", "pk": 19, "fields": {"name": "Виклик 102", "keyboard_to_represent": 1, "action_type": "text", "text": "Для зв’язку з поліцією, натисни кнопку «виклик по телефону» і дочекайся відповіді оператора ☎️", "picture": "", "url": null, "video": "", "file": "", "location_latitude": null, "location_longitude": null, "sticker_id": null, "description": "", "is_menu_action": false}}, {"model": "keyboards.action", "pk": 20, "fields": {"name": "Інші служби допомоги", "keyboard_to_represent": 2, "action_type": "picture", "text": "Будь ласка, обери, що тебе цікавить", "picture": "image/інші_служби.png", "url": null, "video": "", "file": "", "location_latitude": null, "location_longitude": null, "sticker_id": null, "description": "", "is_menu_action": false}}, {"model": "keyboards.action", "pk": 21, "fields": {"name": "Детально про домашнє насильство", "keyboard_to_represent": 8, "action_type": "text", "text": "Закон України «Про запобігання та протидію домашньому насильству» визначає організаційно-правові засади запобігання та протидії цьому явищу. А також визначає основні напрями реалізації державної політики у сфері запобігання та протидії домашньому насильству, спрямовані на захист прав та інтересів постраждалих осіб.\r\n\r\nОбери, будь ласка, що тебе цікавить.", "picture": "", "url": null, "video": "", "file": "", "location_latitude": null, "location_longitude": null, "sticker_id": null, "description": "", "is_menu_action": false}}, {"model": "keyboards.action", "pk": 22, "fields": {"name": "План безпеки", "keyboard_to_represent": 9, "action_type": "text", "text": "Обери, будь ласка, що тебе цікавить", "picture": "", "url": null, "video": "", "file": "", "location_latitude": null, "location_longitude": null, "sticker_id": null, "description": "", "is_menu_action": false}}, {"model": "keyboards.action", "pk": 23, "fields": {"name": "Поліція по регіонам", "keyboard_to_represent": 10, "action_type": "text", "text": "Будь ласка, обери регіон.", "picture": "", "url": null, "video": "", "file": "", "location_latitude": null, "location_longitude": null, "sticker_id": null, "description": "", "is_menu_action": false}}, {"model": "keyboards.action", "pk": 24, "fields": {"name": "Головне меню", "keyboard_to_represent": 1, "action_type": "text", "text": "Обери, будь ласка, що тебе цікавить", "picture": "", "url": null, "video": "", "file": "", "location_latitude": null, "location_longitude": null, "sticker_id": null, "description": "", "is_menu_action": false}}, {"model": "keyboards.action", "pk": 25, "fields": {"name": "Гарячі лінії", "keyboard_to_represent": 8, "action_type": "text", "text": "Урядова «гаряча лінія» для осіб,\r\nякі постраждали від домашнього насильства.\r\nНомер телефону: \r\nhttps://tinyurl.com/vdlwlkk\r\n\r\nУповноважений Верховної Ради України з прав людини\r\nНомер телефону:\r\nhttps://tinyurl.com/y54slnbk\r\n\r\nНаціональна гаряча лінія ГО Ла Страда\r\nз попередження домашнього насильства, торгівлі людьми та ґендерної дискримінації.\r\nНомер телефону: \r\nhttps://tinyurl.com/y584hema\r\nабо\r\nhttps://tinyurl.com/y6oatzqv (короткий номер з мобільного)", "picture": "", "url": null, "video": "", "file": "", "location_latitude": null, "location_longitude": null, "sticker_id": null, "description": "", "is_menu_action": false}}, {"model": "keyboards.action", "pk": 26, "fields": {"name": "Соціальні служби", "keyboard_to_represent": 2, "action_type": "text", "text": "1️⃣ 5️⃣ 4️⃣ 5️⃣  - урядова \"гаряча лінія\", реєструє звернення з питань надання житлових субсидій, інших видів соціальної допомоги та соціальних послуг, а також з інших проблемних питань соціального захисту.\r\n\r\nТисни посилання нижче для виклику і дотримуйся подальших інструкцій:\r\nhttps://tinyurl.com/yyxdajzj", "picture": "", "url": null, "video": "", "file": "", "location_latitude": null, "location_longitude": null, "sticker_id": null, "description": "", "is_menu_action": false}}, {"model": "keyboards.action", "pk": 27, "fields": {"name": "Медична допомога", "keyboard_to_represent": 2, "action_type": "text", "text": "1⃣0⃣3⃣ - номер телефону для виклику швидкої медичної допомоги.\r\n\r\nЯкщо постраждав/ла в наслідок домашнього насильства і потребуєш медичної допомоги - ти можеш викликати медичну бригаду прямо зараз!\r\n\r\nТисни посилання нижче для виклику \"103\" і дотримуйся подальших інструкцій.\r\nhttps://tinyurl.com/85a74yy", "picture": "", "url": null, "video": "", "file": "", "location_latitude": null, "location_longitude": null, "sticker_id": null, "description": "", "is_menu_action": false}}, {"model": "keyboards.action", "pk": 28, "fields": {"name": "Правова допомога", "keyboard_to_represent": 2, "action_type": "text", "text": "#ДійПротиНасильства, [04.10.20 18:30]\r\nТи можеш отримати консультацію в чат-боті безоплатної правової допомоги, по телефону або онлайн, на сайті.\r\nОбери, будь ласка, найбільш зручний спосіб для тебе.\r\nТелефон: https://tinyurl.com/y7starqy\r\nСайт: https://tinyurl.com/yd7ns4g5\r\nБот: https://tinyurl.com/y6ze8nud", "picture": "", "url": null, "video": "", "file": "", "location_latitude": null, "location_longitude": null, "sticker_id": null, "description": "", "is_menu_action": false}}, {"model": "keyboards.action", "pk": 29, "fields": {"name": "Попереднє меню Інші сервіси", "keyboard_to_represent": 2, "action_type": "text", "text": "Будь ласка, обери регіон.", "picture": "", "url": null, "video": "", "file": "", "location_latitude": null, "location_longitude": null, "sticker_id": null, "description": "", "is_menu_action": false}}, {"model": "keyboards.action", "pk": 30, "fields": {"name": "Попереднє меню Поліція по регіонам", "keyboard_to_represent": 10, "action_type": "text", "text": "Будь ласка, вибери регіон.", "picture": "", "url": null, "video": "", "file": "", "location_latitude": null, "location_longitude": null, "sticker_id": null, "description": "", "is_menu_action": false}}, {"model": "keyboards.action", "pk": 31, "fields": {"name": "Поліція по областям", "keyboard_to_represent": 11, "action_type": "text", "text": "Будь ласка, вибери область.", "picture": "", "url": null, "video": "", "file": "", "location_latitude": null, "location_longitude": null, "sticker_id": null, "description": "", "is_menu_action": false}}, {"model": "keyboards.action", "pk": 32, "fields": {"name": "Поліція по Вінницькій області", "keyboard_to_represent": 11, "action_type": "url", "text": "", "picture": "", "url": "https://telegra.ph/Vіnnicka-oblast-04-21", "video": "", "file": "", "location_latitude": null, "location_longitude": null, "sticker_id": null, "description": "", "is_menu_action": false}}, {"model": "keyboards.action", "pk": 33, "fields": {"name": "АР Крим", "keyboard_to_represent": 10, "action_type": "text", "text": "Розділ знаходиться в процесі розробки.", "picture": "", "url": null, "video": "", "file": "", "location_latitude": null, "location_longitude": null, "sticker_id": null, "description": "", "is_menu_action": false}}, {"model": "keyboards.action", "pk": 34, "fields": {"name": "Поліція в містах зі спеціальним статусом", "keyboard_to_represent": 12, "action_type": "text", "text": "Будь ласка, вибери місто.", "picture": "", "url": null, "video": "", "file": "", "location_latitude": null, "location_longitude": null, "sticker_id": null, "description": "", "is_menu_action": false}}, {"model": "keyboards.action", "pk": 35, "fields": {"name": "Поліція по місту Київ", "keyboard_to_represent": 12, "action_type": "url", "text": "", "picture": "", "url": "https://telegra.ph/Kiiv-04-21", "video": "", "file": "", "location_latitude": null, "location_longitude": null, "sticker_id": null, "description": "", "is_menu_action": false}}, {"model": "keyboards.action", "pk": 36, "fields": {"name": "Поліція по місту Севастополь", "keyboard_to_represent": 12, "action_type": "text", "text": "Розділ знаходиться в процесі розробки.", "picture": "", "url": null, "video": "", "file": "", "location_latitude": null, "location_longitude": null, "sticker_id": null, "description": "", "is_menu_action": false}}, {"model": "keyboards.action", "pk": 37, "fields": {"name": "Поліція по Волинській області", "keyboard_to_represent": 11, "action_type": "url", "text": "", "picture": "", "url": "https://telegra.ph/Volinska-oblast-04-21", "video": "", "file": "", "location_latitude": null, "location_longitude": null, "sticker_id": null, "description": "", "is_menu_action": false}}, {"model": "keyboards.action", "pk": 38, "fields": {"name": "Поліція по Дніпропетровській області", "keyboard_to_represent": 11, "action_type": "url", "text": "Поліція по Дніпропетровській області", "picture": "", "url": "https://telegra.ph/Dnіpropetrovska-oblast-04-22", "video": "", "file": "", "location_latitude": null, "location_longitude": null, "sticker_id": null, "description": "", "is_menu_action": false}}, {"model": "keyboards.action", "pk": 39, "fields": {"name": "Поліція по Житомирській області", "keyboard_to_represent": 11, "action_type": "url", "text": "Поліція по Житомирській області", "picture": "", "url": "https://telegra.ph/ZHitomirska-oblast-04-22", "video": "", "file": "", "location_latitude": null, "location_longitude": null, "sticker_id": null, "description": "", "is_menu_action": false}}, {"model": "keyboards.action", "pk": 40, "fields": {"name": "Поліція по Закарпатській області", "keyboard_to_represent": 11, "action_type": "url", "text": "Поліція по Закарпатській області", "picture": "", "url": "https://telegra.ph/Zakarpatska-oblast-04-22", "video": "", "file": "", "location_latitude": null, "location_longitude": null, "sticker_id": null, "description": "", "is_menu_action": false}}, {"model": "keyboards.action", "pk": 41, "fields": {"name": "Що таке домашнє насильство?", "keyboard_to_represent": 8, "action_type": "picture", "text": "Я певен, тобі допоможе ця інформація.", "picture": "image/photo_2020-10-04_19-45-37.jpg", "url": null, "video": "", "file": "", "location_latitude": null, "location_longitude": null, "sticker_id": null, "description": "", "is_menu_action": false}}, {"model": "keyboards.action", "pk": 42, "fields": {"name": "Кого це може стосуватися?", "keyboard_to_represent": 8, "action_type": "picture", "text": "Я певен, тобі допоможе ця інформація.", "picture": "image/photo_2020-10-04_19-47-34.jpg", "url": null, "video": "", "file": "", "location_latitude": null, "location_longitude": null, "sticker_id": null, "description": "", "is_menu_action": false}}, {"model": "keyboards.action", "pk": 43, "fields": {"name": "Хто такий кривдник?", "keyboard_to_represent": 8, "action_type": "picture", "text": "Хто такий кривдник?", "picture": "image/photo_2020-10-04_19-47-54.jpg", "url": null, "video": "", "file": "", "location_latitude": null, "location_longitude": null, "sticker_id": null, "description": "", "is_menu_action": false}}, {"model": "keyboards.action", "pk": 44, "fields": {"name": "Форми (види) домашнього насильства", "keyboard_to_represent": 14, "action_type": "text", "text": "Законодавство України у сфері протидії домашньому насильству виділяє чотири види насильства:\r\n- фізичне\r\n- сексуальне\r\n- психологічне\r\n- економічне\r\nОбери вид насильства, для того, щоб дізнатись більше/", "picture": "", "url": null, "video": "", "file": "", "location_latitude": null, "location_longitude": null, "sticker_id": null, "description": "", "is_menu_action": false}}, {"model": "keyboards.action", "pk": 45, "fields": {"name": "Сексуальне", "keyboard_to_represent": 14, "action_type": "picture", "text": "Я певен, тобі допоможе ця інформація", "picture": "image/photo_2020-10-04_19-49-50.jpg", "url": null, "video": "", "file": "", "location_latitude": null, "location_longitude": null, "sticker_id": null, "description": "", "is_menu_action": false}}, {"model": "keyboards.action", "pk": 46, "fields": {"name": "Фізичне", "keyboard_to_represent": 14, "action_type": "picture", "text": "Я певен, тобі допоможе ця інформація.", "picture": "image/photo_2020-10-04_19-50-36.jpg", "url": null, "video": "", "file": "", "location_latitude": null, "location_longitude": null, "sticker_id": null, "description": "", "is_menu_action": false}}, {"model": "keyboards.action", "pk": 47, "fields": {"name": "Економічне", "keyboard_to_represent": 14, "action_type": "picture", "text": "Я певен, тобі допоможе ця інформація.", "picture": "image/photo_2020-10-04_19-51-14.jpg", "url": null, "video": "", "file": "", "location_latitude": null, "location_longitude": null, "sticker_id": null, "description": "", "is_menu_action": false}}, {"model": "keyboards.action", "pk": 48, "fields": {"name": "Психологічне", "keyboard_to_represent": 14, "action_type": "picture", "text": "Я певен, тобі допоможе ця інформація.", "picture": "image/photo_2020-10-04_19-51-40.jpg", "url": null, "video": "", "file": "", "location_latitude": null, "location_longitude": null, "sticker_id": null, "description": "", "is_menu_action": false}}, {"model": "keyboards.action", "pk": 49, "fields": {"name": "Попереднє меню Домашнє насильство", "keyboard_to_represent": 8, "action_type": "text", "text": "Попереднє меню Домашнє насильство", "picture": "", "url": null, "video": "", "file": "", "location_latitude": null, "location_longitude": null, "sticker_id": null, "description": "", "is_menu_action": false}}, {"model": "keyboards.action", "pk": 50, "fields": {"name": "Дії поліції", "keyboard_to_represent": 8, "action_type": "picture", "text": "Я певен, тобі допоможе ця інформація.", "picture": "image/photo_2020-10-04_19-53-04.jpg", "url": null, "video": "", "file": "", "location_latitude": null, "location_longitude": null, "sticker_id": null, "description": "", "is_menu_action": false}}, {"model": "keyboards.action", "pk": 51, "fields": {"name": "Є ризик потрапити  у ситуацію домашнього насильств", "keyboard_to_represent": 9, "action_type": "picture", "text": "Я певен, тобі допоможе ця інформація \r\nТи можеш прямо зараз викликати поліцію \r\nУ головному меню натисни кнопку «Виклик 102 » та дій відповідно до подальших інструкцій.", "picture": "image/photo_2020-10-04_19-54-11.jpg", "url": null, "video": "", "file": "", "location_latitude": null, "location_longitude": null, "sticker_id": null, "description": "", "is_menu_action": false}}, {"model": "keyboards.action", "pk": 52, "fields": {"name": "Напруга зросла та ситуація загострюється", "keyboard_to_represent": 9, "action_type": "picture", "text": "Я певен, тобі допоможе ця інформація \r\n\r\nТи можеш прямо зараз викликати поліцію \r\nУ головному меню натисни кнопку «Виклик 102 » та дій відповідно до подальших інструкцій.", "picture": "image/photo_2020-10-04_19-55-03.jpg", "url": null, "video": "", "file": "", "location_latitude": null, "location_longitude": null, "sticker_id": null, "description": "", "is_menu_action": false}}, {"model": "keyboards.action", "pk": 53, "fields": {"name": "Напруга спала, але домашнє насильство відбулося", "keyboard_to_represent": 9, "action_type": "picture", "text": "Я певен, тобі допоможе ця інформація \r\n\r\nТи можеш прямо зараз викликати поліцію \r\nУ головному меню натисни кнопку «Виклик 102 » та дій відповідно до подальших інструкцій.", "picture": "image/photo_2020-10-04_19-56-06.jpg", "url": null, "video": "", "file": "", "location_latitude": null, "location_longitude": null, "sticker_id": null, "description": "", "is_menu_action": false}}, {"model": "keyboards.action", "pk": 54, "fields": {"name": "Заходи впливу на кривдника", "keyboard_to_represent": 15, "action_type": "picture", "text": "Я певен, тобі допоможе ця інформація.", "picture": "image/photo_2020-10-04_20-36-27.jpg", "url": null, "video": "", "file": "", "location_latitude": null, "location_longitude": null, "sticker_id": null, "description": "", "is_menu_action": false}}, {"model": "keyboards.action", "pk": 55, "fields": {"name": "Обмежувальний припис", "keyboard_to_represent": 15, "action_type": "picture", "text": "Гадаю, тобі допоможе ця інформація.", "picture": "image/photo_2020-10-04_20-52-03.jpg", "url": null, "video": "", "file": "", "location_latitude": null, "location_longitude": null, "sticker_id": null, "description": "", "is_menu_action": false}}, {"model": "keyboards.action", "pk": 56, "fields": {"name": "Терміновий заборонний припис", "keyboard_to_represent": 15, "action_type": "picture", "text": "Гадаю, тобі допоможе ця інформація.", "picture": "image/photo_2020-10-04_20-54-38.jpg", "url": null, "video": "", "file": "", "location_latitude": null, "location_longitude": null, "sticker_id": null, "description": "", "is_menu_action": false}}, {"model": "keyboards.action", "pk": 57, "fields": {"name": "Тест1111", "keyboard_to_represent": 4, "action_type": "text", "text": "Превед медвед", "picture": "", "url": "http://tinyurl.com/vntqajk", "video": "", "file": "", "location_latitude": null, "location_longitude": null, "sticker_id": null, "description": "", "is_menu_action": false}}, {"model": "keyboards.button", "pk": 1, "fields": {"keyboard": 3, "action": 2, "name": "home", "text": "home", "height": 2, "width": 3, "position": 3, "text_v_align": "middle", "text_h_align": "center", "text_size": "large", "bg_color": "#db1f1f", "action_type": null, "description": null, "tg_row": 1}}, {"model": "keyboards.button", "pk": 2, "fields": {"keyboard": 3, "action": 4, "name": "Покажи другу клавіатуру", "text": "Покажи другу клавіатуру", "height": 1, "width": 2, "position": 2, "text_v_align": "middle", "text_h_align": "center", "text_size": "regular", "bg_color": "#28e247", "action_type": null, "description": null, "tg_row": 1}}, {"model": "keyboards.button", "pk": 3, "fields": {"keyboard": 4, "action": 3, "name": "back", "text": "back", "height": 1, "width": 6, "position": 1, "text_v_align": "middle", "text_h_align": null, "text_size": "regular", "bg_color": "#d7f542", "action_type": null, "description": null, "tg_row": 1}}, {"model": "keyboards.button", "pk": 4, "fields": {"keyboard": 5, "action": 5, "name": "home", "text": "Головне меню", "height": 1, "width": 6, "position": 3, "text_v_align": null, "text_h_align": null, "text_size": null, "bg_color": "#ffffff", "action_type": null, "description": null, "tg_row": 2}}, {"model": "keyboards.button", "pk": 5, "fields": {"keyboard": 5, "action": 6, "name": "second", "text": "choose 2", "height": 1, "width": 3, "position": 1, "text_v_align": null, "text_h_align": null, "text_size": null, "bg_color": "#ffffff", "action_type": null, "description": null, "tg_row": 1}}, {"model": "keyboards.button", "pk": 6, "fields": {"keyboard": 5, "action": 7, "name": "123", "text": "Вибрати 2 ще раз", "height": 1, "width": 3, "position": 2, "text_v_align": null, "text_h_align": null, "text_size": null, "bg_color": "#ffffff", "action_type": null, "description": null, "tg_row": 1}}, {"model": "keyboards.button", "pk": 7, "fields": {"keyboard": 6, "action": 5, "name": "home", "text": "Головне меню", "height": 1, "width": 6, "position": 1, "text_v_align": null, "text_h_align": null, "text_size": null, "bg_color": "#000000", "action_type": null, "description": null, "tg_row": 1}}, {"model": "keyboards.button", "pk": 8, "fields": {"keyboard": 3, "action": 13, "name": "back", "text": "Назад", "height": 1, "width": 2, "position": 1, "text_v_align": "middle", "text_h_align": "left", "text_size": "regular", "bg_color": "#9efff9", "action_type": null, "description": "Опис", "tg_row": 1}}, {"model": "keyboards.button", "pk": 9, "fields": {"keyboard": 4, "action": 8, "name": "фото", "text": "фото", "height": 1, "width": 6, "position": 2, "text_v_align": "middle", "text_h_align": "center", "text_size": "regular", "bg_color": "#f96767", "action_type": null, "description": "фото", "tg_row": 2}}, {"model": "keyboards.button", "pk": 10, "fields": {"keyboard": 7, "action": 2, "name": "home", "text": "home", "height": 1, "width": 6, "position": 1, "text_v_align": null, "text_h_align": null, "text_size": null, "bg_color": "#ff3300", "action_type": null, "description": "home", "tg_row": 1}}, {"model": "keyboards.button", "pk": 11, "fields": {"keyboard": 7, "action": 8, "name": "photo", "text": "photo", "height": 1, "width": 6, "position": 2, "text_v_align": null, "text_h_align": null, "text_size": null, "bg_color": "#ff941a", "action_type": null, "description": "photo", "tg_row": 2}}, {"model": "keyboards.button", "pk": 12, "fields": {"keyboard": 7, "action": 9, "name": "url", "text": "url", "height": 1, "width": 6, "position": 3, "text_v_align": null, "text_h_align": null, "text_size": null, "bg_color": "#fcff2e", "action_type": null, "description": "url", "tg_row": 3}}, {"model": "keyboards.button", "pk": 13, "fields": {"keyboard": 7, "action": 10, "name": "video", "text": "video", "height": 1, "width": 6, "position": 4, "text_v_align": null, "text_h_align": null, "text_size": null, "bg_color": "#53ff24", "action_type": null, "description": "video", "tg_row": 4}}, {"model": "keyboards.button", "pk": 14, "fields": {"keyboard": 7, "action": 11, "name": "file", "text": "file", "height": 1, "width": 6, "position": 5, "text_v_align": null, "text_h_align": null, "text_size": null, "bg_color": "#2cf6f3", "action_type": null, "description": "file", "tg_row": 5}}, {"model": "keyboards.button", "pk": 15, "fields": {"keyboard": 7, "action": 12, "name": "location", "text": "location", "height": 1, "width": 6, "position": 6, "text_v_align": null, "text_h_align": null, "text_size": null, "bg_color": "#5719e6", "action_type": null, "description": "location", "tg_row": 6}}, {"model": "keyboards.button", "pk": 16, "fields": {"keyboard": 7, "action": 13, "name": "stiker", "text": "stiker", "height": 1, "width": 6, "position": 7, "text_v_align": null, "text_h_align": null, "text_size": null, "bg_color": "#bc1ff4", "action_type": null, "description": "stiker", "tg_row": 7}}, {"model": "keyboards.button", "pk": 17, "fields": {"keyboard": 1, "action": 19, "name": "Виклик 102", "text": "Виклик 102", "height": 1, "width": 3, "position": 1, "text_v_align": "middle", "text_h_align": "center", "text_size": null, "bg_color": "#fafafa", "action_type": "open-url", "description": "Виклик 102", "tg_row": 1}}, {"model": "keyboards.button", "pk": 18, "fields": {"keyboard": 1, "action": 20, "name": "Інші служби допомоги", "text": "Інші служби допомоги", "height": 1, "width": 3, "position": 2, "text_v_align": "middle", "text_h_align": "center", "text_size": null, "bg_color": "#fafafa", "action_type": null, "description": "Інші служби допомоги", "tg_row": 1}}, {"model": "keyboards.button", "pk": 19, "fields": {"keyboard": 1, "action": 21, "name": "Детально про домашнє насильство", "text": "Детально про домашнє насильство", "height": 1, "width": 6, "position": 3, "text_v_align": "middle", "text_h_align": "center", "text_size": null, "bg_color": "#fafafa", "action_type": null, "description": "Детально про домашнє насильство", "tg_row": 2}}, {"model": "keyboards.button", "pk": 20, "fields": {"keyboard": 1, "action": 22, "name": "План безпеки", "text": "План безпеки", "height": 1, "width": 3, "position": 4, "text_v_align": null, "text_h_align": null, "text_size": null, "bg_color": "#fafafa", "action_type": null, "description": "План безпеки", "tg_row": 3}}, {"model": "keyboards.button", "pk": 21, "fields": {"keyboard": 1, "action": 1, "name": "Про чат-бота", "text": "Про чат-бота", "height": 1, "width": 3, "position": 5, "text_v_align": null, "text_h_align": null, "text_size": null, "bg_color": "#fafafa", "action_type": null, "description": "Про чат-бота", "tg_row": 3}}, {"model": "keyboards.button", "pk": 22, "fields": {"keyboard": 2, "action": 23, "name": "Поліція по регіонам", "text": "Поліція по регіонам", "height": 1, "width": 3, "position": 1, "text_v_align": null, "text_h_align": null, "text_size": null, "bg_color": "#fafafa", "action_type": null, "description": "Поліція по регіонам", "tg_row": 1}}, {"model": "keyboards.button", "pk": 23, "fields": {"keyboard": 2, "action": 27, "name": "Медична допомога", "text": "Медична допомога", "height": 1, "width": 3, "position": 2, "text_v_align": null, "text_h_align": null, "text_size": null, "bg_color": "#fafafa", "action_type": null, "description": "Медична допомога", "tg_row": 1}}, {"model": "keyboards.button", "pk": 24, "fields": {"keyboard": 2, "action": 25, "name": "Гарячі лінії", "text": "Гарячі лінії", "height": 1, "width": 3, "position": 3, "text_v_align": null, "text_h_align": null, "text_size": null, "bg_color": "#fafafa", "action_type": null, "description": "Гарячі лінії", "tg_row": 2}}, {"model": "keyboards.button", "pk": 25, "fields": {"keyboard": 2, "action": 28, "name": "Правова допомога", "text": "Правова допомога", "height": 1, "width": 3, "position": 4, "text_v_align": null, "text_h_align": null, "text_size": null, "bg_color": "#fafafa", "action_type": null, "description": "Правова допомога", "tg_row": 2}}, {"model": "keyboards.button", "pk": 26, "fields": {"keyboard": 2, "action": 26, "name": "Соціальні служби", "text": "Соціальні служби", "height": 1, "width": 3, "position": 5, "text_v_align": null, "text_h_align": null, "text_size": null, "bg_color": "#fafafa", "action_type": null, "description": "Соціальні служби", "tg_row": 3}}, {"model": "keyboards.button", "pk": 27, "fields": {"keyboard": 2, "action": 24, "name": "Головне меню", "text": "Головне меню", "height": 1, "width": 3, "position": 6, "text_v_align": null, "text_h_align": null, "text_size": null, "bg_color": "#fafafa", "action_type": null, "description": "Головне меню", "tg_row": 3}}, {"model": "keyboards.button", "pk": 28, "fields": {"keyboard": 10, "action": 29, "name": "Попереднє меню Інші сервіси", "text": "Попереднє меню Інші сервіси", "height": 1, "width": 3, "position": 1, "text_v_align": null, "text_h_align": null, "text_size": null, "bg_color": "#fafafa", "action_type": null, "description": "Попереднє меню Інші сервіси", "tg_row": 1}}, {"model": "keyboards.button", "pk": 29, "fields": {"keyboard": 10, "action": 24, "name": "Головне меню", "text": "Головне меню", "height": 1, "width": 3, "position": 2, "text_v_align": null, "text_h_align": null, "text_size": null, "bg_color": "#fafafa", "action_type": null, "description": "Головне меню", "tg_row": 1}}, {"model": "keyboards.button", "pk": 30, "fields": {"keyboard": 10, "action": 31, "name": "Поліція по областям", "text": "Поліція по областям", "height": 1, "width": 6, "position": 3, "text_v_align": null, "text_h_align": null, "text_size": null, "bg_color": "#fafafa", "action_type": null, "description": "Поліція по областям", "tg_row": 2}}, {"model": "keyboards.button", "pk": 31, "fields": {"keyboard": 10, "action": 34, "name": "Поліція в містах зі спеціальним статусом", "text": "Поліція в містах зі спеціальним статусом", "height": 1, "width": 6, "position": 4, "text_v_align": null, "text_h_align": null, "text_size": null, "bg_color": "#fafafa", "action_type": null, "description": "Поліція в містах зі спеціальним статусом", "tg_row": 3}}, {"model": "keyboards.button", "pk": 32, "fields": {"keyboard": 10, "action": 33, "name": "АР Крим", "text": "АР Крим", "height": 1, "width": 6, "position": 5, "text_v_align": null, "text_h_align": null, "text_size": null, "bg_color": "#fafafa", "action_type": null, "description": "АР Крим", "tg_row": 4}}, {"model": "keyboards.button", "pk": 33, "fields": {"keyboard": 11, "action": 30, "name": "Попереднє меню Поліція по регіонам", "text": "Попереднє меню Поліція по регіонам", "height": 1, "width": 3, "position": 1, "text_v_align": null, "text_h_align": null, "text_size": null, "bg_color": "#fafafa", "action_type": null, "description": "Попереднє меню Поліція по регіонам", "tg_row": 1}}, {"model": "keyboards.button", "pk": 34, "fields": {"keyboard": 11, "action": 24, "name": "Головне меню", "text": "Головне меню", "height": 1, "width": 3, "position": 2, "text_v_align": null, "text_h_align": null, "text_size": null, "bg_color": "#fafafa", "action_type": null, "description": "Головне меню", "tg_row": 1}}, {"model": "keyboards.button", "pk": 35, "fields": {"keyboard": 11, "action": 32, "name": "Поліція по Вінницькій області", "text": "Поліція по Вінницькій області", "height": 1, "width": 6, "position": 3, "text_v_align": null, "text_h_align": null, "text_size": null, "bg_color": "#fafafa", "action_type": null, "description": "Поліція по Вінницькій області", "tg_row": 2}}, {"model": "keyboards.button", "pk": 36, "fields": {"keyboard": 11, "action": 37, "name": "Поліція по Волинській області", "text": "Поліція по Волинській області", "height": 1, "width": 6, "position": 4, "text_v_align": null, "text_h_align": null, "text_size": null, "bg_color": "#fafafa", "action_type": null, "description": "Поліція по Волинській області", "tg_row": 3}}, {"model": "keyboards.button", "pk": 37, "fields": {"keyboard": 11, "action": 38, "name": "Поліція по Дніпропетровській області", "text": "Поліція по Дніпропетровській області", "height": 1, "width": 6, "position": 5, "text_v_align": null, "text_h_align": null, "text_size": null, "bg_color": "#fafafa", "action_type": null, "description": "Поліція по Дніпропетровській області", "tg_row": 4}}, {"model": "keyboards.button", "pk": 38, "fields": {"keyboard": 11, "action": 39, "name": "Поліція по Житомирській області", "text": "Поліція по Житомирській області", "height": 1, "width": 6, "position": 6, "text_v_align": null, "text_h_align": null, "text_size": null, "bg_color": "#fafafa", "action_type": null, "description": "Поліція по Житомирській області", "tg_row": 5}}, {"model": "keyboards.button", "pk": 39, "fields": {"keyboard": 11, "action": 40, "name": "Поліція по Закарпатській області", "text": "Поліція по Закарпатській області", "height": 1, "width": 6, "position": 7, "text_v_align": null, "text_h_align": null, "text_size": null, "bg_color": "#fafafa", "action_type": null, "description": "Поліція по Закарпатській області", "tg_row": 6}}, {"model": "keyboards.button", "pk": 40, "fields": {"keyboard": 12, "action": 30, "name": "Попереднє меню Поліція по регіонам", "text": "Попереднє меню Поліція по регіонам", "height": 1, "width": 3, "position": 1, "text_v_align": null, "text_h_align": null, "text_size": null, "bg_color": "#fafafa", "action_type": null, "description": "Попереднє меню Поліція по регіонам", "tg_row": 1}}, {"model": "keyboards.button", "pk": 41, "fields": {"keyboard": 12, "action": 24, "name": "Головне меню", "text": "Головне меню", "height": 1, "width": 3, "position": 2, "text_v_align": null, "text_h_align": null, "text_size": null, "bg_color": "#fafafa", "action_type": null, "description": "Головне меню", "tg_row": 1}}, {"model": "keyboards.button", "pk": 42, "fields": {"keyboard": 12, "action": 35, "name": "Поліція по місту Київ", "text": "Поліція по місту Київ", "height": 1, "width": 6, "position": 3, "text_v_align": null, "text_h_align": null, "text_size": null, "bg_color": "#fafafa", "action_type": null, "description": "Поліція по місту Київ", "tg_row": 2}}, {"model": "keyboards.button", "pk": 43, "fields": {"keyboard": 12, "action": 36, "name": "Поліція по місту Севастополь", "text": "Поліція по місту Севастополь", "height": 1, "width": 6, "position": 4, "text_v_align": null, "text_h_align": null, "text_size": null, "bg_color": "#fafafa", "action_type": null, "description": "Поліція по місту Севастополь", "tg_row": 3}}, {"model": "keyboards.button", "pk": 44, "fields": {"keyboard": 8, "action": 41, "name": "Що таке домашнє насильство?", "text": "Що таке домашнє насильство?", "height": 1, "width": 3, "position": 1, "text_v_align": null, "text_h_align": null, "text_size": null, "bg_color": "#ffffff", "action_type": null, "description": "Що таке домашнє насильство?", "tg_row": 1}}, {"model": "keyboards.button", "pk": 45, "fields": {"keyboard": 8, "action": 42, "name": "Кого це може стосуватися?", "text": "Кого це може стосуватися?", "height": 1, "width": 3, "position": 2, "text_v_align": null, "text_h_align": null, "text_size": null, "bg_color": "#ffffff", "action_type": null, "description": "Кого це може стосуватися?", "tg_row": 1}}, {"model": "keyboards.button", "pk": 46, "fields": {"keyboard": 8, "action": 43, "name": "Хто такий кривдник?", "text": "Хто такий кривдник?", "height": 1, "width": 3, "position": 3, "text_v_align": null, "text_h_align": null, "text_size": null, "bg_color": "#ffffff", "action_type": null, "description": "Хто такий кривдник?", "tg_row": 2}}, {"model": "keyboards.button", "pk": 47, "fields": {"keyboard": 8, "action": 44, "name": "Форми (види) домашнього насильства", "text": "Форми (види) домашнього насильства", "height": 1, "width": 3, "position": 4, "text_v_align": null, "text_h_align": null, "text_size": null, "bg_color": "#ffffff", "action_type": null, "description": "Форми (види) домашнього насильства", "tg_row": 2}}, {"model": "keyboards.button", "pk": 48, "fields": {"keyboard": 8, "action": 50, "name": "Дії поліції", "text": "Дії поліції", "height": 1, "width": 3, "position": 6, "text_v_align": null, "text_h_align": null, "text_size": null, "bg_color": "#ffffff", "action_type": null, "description": "Дії поліції", "tg_row": 3}}, {"model": "keyboards.button", "pk": 49, "fields": {"keyboard": 8, "action": 24, "name": "Головне меню", "text": "Головне меню", "height": 1, "width": 6, "position": 7, "text_v_align": null, "text_h_align": null, "text_size": null, "bg_color": "#ffffff", "action_type": null, "description": "Головне меню", "tg_row": 4}}, {"model": "keyboards.button", "pk": 50, "fields": {"keyboard": 8, "action": 54, "name": "Заходи впливу на кривдника", "text": "Заходи впливу на кривдника", "height": 1, "width": 3, "position": 5, "text_v_align": null, "text_h_align": null, "text_size": null, "bg_color": "#ffffff", "action_type": null, "description": "Заходи впливу на кривдника", "tg_row": 3}}, {"model": "keyboards.button", "pk": 51, "fields": {"keyboard": 14, "action": 45, "name": "Сексуальне", "text": "Сексуальне", "height": 1, "width": 3, "position": 1, "text_v_align": null, "text_h_align": null, "text_size": null, "bg_color": "#ffffff", "action_type": null, "description": "Сексуальне", "tg_row": 1}}, {"model": "keyboards.button", "pk": 52, "fields": {"keyboard": 14, "action": 46, "name": "Фізичне", "text": "Фізичне", "height": 1, "width": 3, "position": 2, "text_v_align": null, "text_h_align": null, "text_size": null, "bg_color": "#ffffff", "action_type": null, "description": "Фізичне", "tg_row": 1}}, {"model": "keyboards.button", "pk": 53, "fields": {"keyboard": 14, "action": 47, "name": "Економічне", "text": "Економічне", "height": 1, "width": 3, "position": 3, "text_v_align": null, "text_h_align": null, "text_size": null, "bg_color": "#ffffff", "action_type": null, "description": "Економічне", "tg_row": 2}}, {"model": "keyboards.button", "pk": 54, "fields": {"keyboard": 14, "action": 48, "name": "Психологічне", "text": "Психологічне", "height": 1, "width": 3, "position": 4, "text_v_align": null, "text_h_align": null, "text_size": null, "bg_color": "#ffffff", "action_type": null, "description": "Психологічне", "tg_row": 2}}, {"model": "keyboards.button", "pk": 55, "fields": {"keyboard": 14, "action": 49, "name": "Попереднє меню Домашнє насильство", "text": "Попереднє меню Домашнє насильство", "height": 1, "width": 3, "position": 5, "text_v_align": null, "text_h_align": null, "text_size": null, "bg_color": "#ffffff", "action_type": null, "description": "Попереднє меню Домашнє насильство", "tg_row": 3}}, {"model": "keyboards.button", "pk": 56, "fields": {"keyboard": 14, "action": 24, "name": "Головне меню", "text": "Головне меню", "height": 1, "width": 3, "position": 6, "text_v_align": null, "text_h_align": null, "text_size": null, "bg_color": "#ffffff", "action_type": null, "description": "Головне меню", "tg_row": 3}}, {"model": "keyboards.button", "pk": 57, "fields": {"keyboard": 15, "action": 49, "name": "Попереднє меню Домашнє насильство", "text": "Попереднє меню Домашнє насильство", "height": 1, "width": 3, "position": 1, "text_v_align": null, "text_h_align": null, "text_size": null, "bg_color": "#ffffff", "action_type": null, "description": "Попереднє меню Домашнє насильство", "tg_row": 1}}, {"model": "keyboards.button", "pk": 58, "fields": {"keyboard": 15, "action": 24, "name": "Головне меню", "text": "Головне меню", "height": 1, "width": 3, "position": 2, "text_v_align": null, "text_h_align": null, "text_size": null, "bg_color": "#ffffff", "action_type": null, "description": "Головне меню", "tg_row": 1}}, {"model": "keyboards.button", "pk": 59, "fields": {"keyboard": 15, "action": 55, "name": "Обмежувальний припис", "text": "Обмежувальний припис", "height": 1, "width": 6, "position": 3, "text_v_align": null, "text_h_align": null, "text_size": null, "bg_color": "#ffffff", "action_type": null, "description": "Обмежувальний припис", "tg_row": 2}}, {"model": "keyboards.button", "pk": 60, "fields": {"keyboard": 15, "action": 56, "name": "Терміновий заборонний припис", "text": "Терміновий заборонний припис", "height": 1, "width": 6, "position": 4, "text_v_align": null, "text_h_align": null, "text_size": null, "bg_color": "#ffffff", "action_type": null, "description": "Терміновий заборонний припис", "tg_row": 3}}, {"model": "keyboards.button", "pk": 61, "fields": {"keyboard": 9, "action": 51, "name": "Є ризик потрапити  у ситуацію домашнього насильств", "text": "Є ризик потрапити  у ситуацію домашнього насильств", "height": 1, "width": 3, "position": 1, "text_v_align": null, "text_h_align": null, "text_size": null, "bg_color": "#ffffff", "action_type": null, "description": "Є ризик потрапити  у ситуацію домашнього насильств", "tg_row": 1}}, {"model": "keyboards.button", "pk": 62, "fields": {"keyboard": 9, "action": 52, "name": "Напруга зросла та ситуація загострюється", "text": "Напруга зросла та ситуація загострюється", "height": 1, "width": 3, "position": 2, "text_v_align": null, "text_h_align": null, "text_size": null, "bg_color": "#ffffff", "action_type": null, "description": "Напруга зросла та ситуація загострюється", "tg_row": 1}}, {"model": "keyboards.button", "pk": 63, "fields": {"keyboard": 9, "action": 53, "name": "Напруга спала, але домашнє насильство відбулося", "text": "Напруга спала, але домашнє насильство відбулося", "height": 1, "width": 6, "position": 3, "text_v_align": null, "text_h_align": null, "text_size": null, "bg_color": "#ffffff", "action_type": null, "description": "Напруга спала, але домашнє насильство відбулося", "tg_row": 2}}, {"model": "keyboards.button", "pk": 64, "fields": {"keyboard": 9, "action": 24, "name": "Головне меню", "text": "Головне меню", "height": 1, "width": 6, "position": 4, "text_v_align": null, "text_h_align": null, "text_size": null, "bg_color": "#ffffff", "action_type": null, "description": "Головне меню", "tg_row": 3}}, {"model": "keyboards.button", "pk": 65, "fields": {"keyboard": 5, "action": 5, "name": "something", "text": "call 102", "height": 1, "width": 6, "position": 4, "text_v_align": null, "text_h_align": null, "text_size": null, "bg_color": "#ffffff", "action_type": "open-url", "description": null, "tg_row": 3}}, {"model": "keyboards.idfilesinmessenger", "pk": 8, "fields": {"action": 20, "path_media_tg": "/home/intern/vt_bot/media/image/інші_служби.png", "telegram_id": "AgACAgIAAxkDAAM0X3nogjEyDHp6zQHWEZ61pvTrF_8AAtmvMRtgX9BL08NnwOojKyNzYVCYLgADAQADAgADeAADTj4BAAEbBA", "token_tg": "1370899658:AAGKoXoc47AKo0krN9Y96hSVaaCEhP1jPiA"}}, {"model": "keyboards.idfilesinmessenger", "pk": 9, "fields": {"action": 43, "path_media_tg": "/home/intern/vt_bot/media/image/photo_2020-10-04_19-47-54.jpg", "telegram_id": "AgACAgIAAxkDAAPIX3oJbwZzVKI-QfdKc6or0A4BCFYAAiCwMRtgX9BLMDKOSgUbH5kRNO2XLgADAQADAgADeAAD6kQBAAEbBA", "token_tg": "1370899658:AAGKoXoc47AKo0krN9Y96hSVaaCEhP1jPiA"}}, {"model": "keyboards.idfilesinmessenger", "pk": 10, "fields": {"action": 41, "path_media_tg": "/home/intern/vt_bot/media/image/photo_2020-10-04_19-45-37.jpg", "telegram_id": "AgACAgIAAxkDAAPLX3oJcrJ0KTjnMJSdJg361MVq2FwAAiGwMRtgX9BL3putLUWsIFg9qHSXLgADAQADAgADeQAD0mIBAAEbBA", "token_tg": "1370899658:AAGKoXoc47AKo0krN9Y96hSVaaCEhP1jPiA"}}, {"model": "keyboards.idfilesinmessenger", "pk": 11, "fields": {"action": 42, "path_media_tg": "/home/intern/vt_bot/media/image/photo_2020-10-04_19-47-34.jpg", "telegram_id": "AgACAgIAAxkDAAPOX3oJcy-PoMeecgQ8nbcP7usKs3wAAiKwMRtgX9BLoeLz_-Pctobb0BGYLgADAQADAgADeAADklMBAAEbBA", "token_tg": "1370899658:AAGKoXoc47AKo0krN9Y96hSVaaCEhP1jPiA"}}, {"model": "keyboards.idfilesinmessenger", "pk": 12, "fields": {"action": 54, "path_media_tg": "/home/intern/vt_bot/media/image/photo_2020-10-04_20-36-27.jpg", "telegram_id": "AgACAgIAAxkDAAPTX3oJdvSz1JSkSwPTb3QYz67ETYsAAiOwMRtgX9BLVit9MLwxi6dnGueXLgADAQADAgADeQADGlcBAAEbBA", "token_tg": "1370899658:AAGKoXoc47AKo0krN9Y96hSVaaCEhP1jPiA"}}, {"model": "keyboards.idfilesinmessenger", "pk": 13, "fields": {"action": 45, "path_media_tg": "/home/intern/vt_bot/media/image/photo_2020-10-04_19-49-50.jpg", "telegram_id": "AgACAgIAAxkDAAPYX3oKivXmPb7-6tVkEpLpflvKi-oAAiSwMRtgX9BL5QE3XwWBlzFnj26XLgADAQADAgADeAADRWQBAAEbBA", "token_tg": "1370899658:AAGKoXoc47AKo0krN9Y96hSVaaCEhP1jPiA"}}, {"model": "keyboards.idfilesinmessenger", "pk": 14, "fields": {"action": 47, "path_media_tg": "/home/intern/vt_bot/media/image/photo_2020-10-04_19-51-14.jpg", "telegram_id": "AgACAgIAAxkDAAPdX3oKjw8HOOCnBcG9P7K9Nd6nLQIAAiWwMRtgX9BLlOqePWskWujuH3OXLgADAQADAgADeAADe2UBAAEbBA", "token_tg": "1370899658:AAGKoXoc47AKo0krN9Y96hSVaaCEhP1jPiA"}}, {"model": "keyboards.idfilesinmessenger", "pk": 15, "fields": {"action": 46, "path_media_tg": "/home/intern/vt_bot/media/image/photo_2020-10-04_19-50-36.jpg", "telegram_id": "AgACAgIAAxkDAAPgX3oKr2yst3YJBqltIAEe4oX0RvgAAiawMRtgX9BLImcB-wuiUar_btSWLgADAQADAgADeQAD-fcBAAEbBA", "token_tg": "1370899658:AAGKoXoc47AKo0krN9Y96hSVaaCEhP1jPiA"}}, {"model": "keyboards.idfilesinmessenger", "pk": 16, "fields": {"action": 48, "path_media_tg": "/home/intern/vt_bot/media/image/photo_2020-10-04_19-51-40.jpg", "telegram_id": "AgACAgIAAxkDAAPjX3oKsquOwz7b9mntITcSkIr5CwsAAiewMRtgX9BLbmzFywdgBb_GyPGXLgADAQADAgADeAADJEEBAAEbBA", "token_tg": "1370899658:AAGKoXoc47AKo0krN9Y96hSVaaCEhP1jPiA"}}, {"model": "keyboards.idfilesinmessenger", "pk": 17, "fields": {"action": 50, "path_media_tg": "/home/intern/vt_bot/media/image/photo_2020-10-04_19-53-04.jpg", "telegram_id": "AgACAgIAAxkDAAPoX3oKwlUuIOskcQP_bJp7thi2UfYAAiiwMRtgX9BLE515nfFDGYEDi9qWLgADAQADAgADeQADi_cBAAEbBA", "token_tg": "1370899658:AAGKoXoc47AKo0krN9Y96hSVaaCEhP1jPiA"}}, {"model": "keyboards.idfilesinmessenger", "pk": 18, "fields": {"action": 56, "path_media_tg": "/home/intern/vt_bot/media/image/photo_2020-10-04_20-54-38.jpg", "telegram_id": "AgACAgIAAxkDAAIBKF96DQance5jaQiclWcR6LZHloZPAAIusDEbYF_QS6wepQN5QdLSAWNQmC4AAwEAAwIAA3gAAwtBAQABGwQ", "token_tg": "1370899658:AAGKoXoc47AKo0krN9Y96hSVaaCEhP1jPiA"}}, {"model": "keyboards.idfilesinmessenger", "pk": 19, "fields": {"action": 55, "path_media_tg": "/home/intern/vt_bot/media/image/photo_2020-10-04_20-52-03.jpg", "telegram_id": "AgACAgIAAxkDAAIBK196DQcZTO4-YjCAf2Tsdlu6hiRrAAIvsDEbYF_QS9J95a_sKP4fQmgWmC4AAwEAAwIAA3gAA7VUAQABGwQ", "token_tg": "1370899658:AAGKoXoc47AKo0krN9Y96hSVaaCEhP1jPiA"}}, {"model": "keyboards.idfilesinmessenger", "pk": 20, "fields": {"action": 51, "path_media_tg": "/home/intern/vt_bot/media/image/photo_2020-10-04_19-54-11.jpg", "telegram_id": "AgACAgIAAxkDAAIBOF96DckpYQlfOdbvuZXzcNqyyEgBAAIwsDEbYF_QSxGAPoseyuNHNUQFly4AAwEAAwIAA3gAA4lDAQABGwQ", "token_tg": "1370899658:AAGKoXoc47AKo0krN9Y96hSVaaCEhP1jPiA"}}, {"model": "keyboards.idfilesinmessenger", "pk": 21, "fields": {"action": 52, "path_media_tg": "/home/intern/vt_bot/media/image/photo_2020-10-04_19-55-03.jpg", "telegram_id": "AgACAgIAAxkDAAIBO196Dc3bvQ2QJ0ZUsn8SPgcYmss8AAIxsDEbYF_QS0SaZrjEwQ9I5g9Ili4AAwEAAwIAA3gAA1ieAgABGwQ", "token_tg": "1370899658:AAGKoXoc47AKo0krN9Y96hSVaaCEhP1jPiA"}}, {"model": "keyboards.idfilesinmessenger", "pk": 22, "fields": {"action": 53, "path_media_tg": "/home/intern/vt_bot/media/image/photo_2020-10-04_19-56-06.jpg", "telegram_id": "AgACAgIAAxkDAAIBPl96DdBabLsQAAEMqG0v_-DhTI2cagACMrAxG2Bf0EsFw_znB-8iPHu1RZguAAMBAAMCAAN4AAMBTwEAARsE", "token_tg": "1370899658:AAGKoXoc47AKo0krN9Y96hSVaaCEhP1jPiA"}}, {"model": "keyboards.idfilesinmessenger", "pk": 23, "fields": {"action": 15, "path_media_tg": "/home/intern/vt_bot/media/image/808218339.jpg", "telegram_id": "AgACAgIAAxkDAAICZV96l_C2sk19j-e958ArPQABQsZqNgAC3bExG-JR0UtI2xi_F4Gs1jVs-5QuAAMBAAMCAAN3AAOYPgUAARsE", "token_tg": "1332826411:AAGf5qTf1docDsH2UHDpqeP1dNssefWcKQk"}}, {"model": "keyboards.idfilesinmessenger", "pk": 27, "fields": {"action": 16, "path_media_tg": "/home/intern/vt_bot/media/video/animation.gif.mp4", "telegram_id": "BAACAgIAAxkDAAICfl96o5WXt9WiDiOPcd89797jTdDaAAJZBwAC4lHZS3wUDmJK-fXrGwQ", "token_tg": null}}, {"model": "keyboards.idfilesinmessenger", "pk": 28, "fields": {"action": 8, "path_media_tg": "/home/intern/vt_bot/media/image/Cat_restored.png", "telegram_id": "AgACAgIAAxkDAAICdF96oB1hsLFpWKw-aB6hUA4C2_kTAAJqrjEb4lHZS7e6pAou64UrKC1EmC4AAwEAAwIAA20AAwJTAQABGwQ", "token_tg": "1332826411:AAGf5qTf1docDsH2UHDpqeP1dNssefWcKQk"}}, {"model": "keyboards.idfilesinmessenger", "pk": 29, "fields": {"action": 11, "path_media_tg": "/home/intern/vt_bot/media/file/AnalyticsForTelegramAndViber_2.docx", "telegram_id": "BQACAgIAAxkDAAICnV97FB6I2Lox_ZTyfhJMFJDm0Sh4AALgCAACGl3ZS8RJAUHgJtNpGwQ", "token_tg": null}}]